4,0,1,3,2,78
4,2,1,3,0,94
0,2,1,3,4,99
4,0,2,3,1,104
4,0,2,3,1,104
4,0,3,2,1,110
4,0,3,2,1,110
4,0,3,2,1,110
4,1,3,2,0,112
4,1,3,2,0,112
4,1,3,2,0,112
4,1,3,0,2,120
4,2,3,1,0,126
2,1,3,0,4,127
2,1,3,0,4,127
2,1,3,0,4,127
2,1,3,0,4,127
2,1,3,0,4,127
2,1,3,0,4,127
2,1,3,0,4,127
2,1,3,0,4,127
2,1,3,0,4,127
2,1,3,0,4,127
2,1,3,0,4,127
2,1,3,0,4,127
2,1,3,0,4,127
2,1,3,0,4,127
2,1,3,0,4,127
2,1,3,0,4,127
2,1,3,0,4,127
2,1,3,0,4,127
2,1,3,0,4,127
2,1,3,0,4,127
2,1,3,0,4,127
2,1,3,0,4,127
2,1,3,0,4,127
2,1,3,0,4,127
2,1,3,0,4,127
2,1,3,0,4,127
2,1,3,0,4,127
2,1,3,0,4,127
2,1,3,0,4,127
2,1,3,0,4,127
2,1,3,0,4,127
2,1,3,0,4,127
2,1,3,0,4,127
2,1,3,0,4,127
2,1,3,0,4,127
2,1,3,0,4,127
2,1,3,0,4,127
2,1,3,0,4,127
2,1,3,0,4,127
2,1,3,0,4,127
2,1,3,0,4,127
2,1,3,0,4,127
2,1,3,0,4,127
2,1,3,0,4,127
2,1,3,0,4,127
2,1,3,0,4,127
2,1,3,0,4,127
2,1,3,0,4,127
2,1,3,0,4,127
2,1,3,0,4,127
2,1,3,0,4,127
2,1,3,0,4,127
2,1,3,0,4,127
2,1,3,0,4,127
2,1,3,0,4,127
2,1,3,0,4,127
2,1,3,0,4,127
2,1,3,0,4,127
2,1,3,0,4,127
2,1,3,0,4,127
2,1,3,0,4,127
2,1,3,0,4,127
2,1,3,0,4,127
2,1,3,0,4,127
2,1,3,0,4,127
2,1,3,0,4,127
2,1,3,0,4,127
2,1,3,0,4,127
2,1,3,0,4,127
2,1,3,0,4,127
2,1,3,0,4,127
2,1,3,0,4,127
2,1,3,0,4,127
2,1,3,0,4,127
2,1,3,0,4,127
2,1,3,0,4,127
2,1,3,0,4,127
2,1,3,0,4,127
2,1,3,0,4,127
2,1,3,0,4,127
2,1,3,0,4,127
2,1,3,0,4,127
2,1,3,0,4,127
2,1,3,0,4,127
2,1,3,0,4,127
2,1,3,0,4,127
2,1,3,0,4,127
2,1,3,0,4,127
2,1,3,0,4,127
2,1,3,0,4,127
2,1,3,0,4,127
2,1,3,0,4,127
2,1,3,0,4,127
2,1,3,0,4,127
2,1,3,0,4,127
2,1,3,0,4,127
2,1,3,0,4,127
2,1,3,0,4,127
2,1,3,0,4,127
2,1,3,0,4,127
2,1,3,0,4,127
2,1,3,0,4,127
2,1,3,0,4,127
2,1,3,0,4,127
2,1,3,0,4,127
2,1,3,0,4,127
2,1,3,0,4,127
2,1,3,0,4,127
2,1,3,0,4,127
2,1,3,0,4,127
2,1,3,0,4,127
2,1,3,0,4,127
2,1,3,0,4,127
2,1,3,0,4,127
2,1,3,0,4,127
2,1,3,0,4,127
2,1,3,0,4,127
2,1,3,0,4,127
2,1,3,0,4,127
2,1,3,0,4,127
2,1,3,0,4,127
2,1,3,0,4,127
2,1,3,0,4,127
2,1,3,0,4,127
2,1,3,0,4,127
2,1,3,0,4,127
2,1,3,0,4,127
2,1,3,0,4,127
2,1,3,0,4,127
2,1,3,0,4,127
2,1,3,0,4,127
2,1,3,0,4,127
2,1,3,0,4,127
2,1,3,0,4,127
2,1,3,0,4,127
2,1,3,0,4,127
2,1,3,0,4,127
2,1,3,0,4,127
2,1,3,0,4,127
2,1,3,0,4,127
2,1,3,0,4,127
2,1,3,0,4,127
2,1,3,0,4,127
2,1,3,0,4,127
2,1,3,0,4,127
2,1,3,0,4,127
2,1,3,0,4,127
2,1,3,0,4,127
2,1,3,0,4,127
2,1,3,0,4,127
2,1,3,0,4,127
2,1,3,0,4,127
2,1,3,0,4,127
2,1,3,0,4,127
2,1,3,0,4,127
2,1,3,0,4,127
2,1,3,0,4,127
2,1,3,0,4,127
2,1,3,0,4,127
2,1,3,0,4,127
2,1,3,0,4,127
2,1,3,0,4,127
2,1,3,0,4,127
2,1,3,0,4,127
2,1,3,0,4,127
2,1,3,0,4,127
2,1,3,0,4,127
2,1,3,0,4,127
2,1,3,0,4,127
2,1,3,0,4,127
2,1,3,0,4,127
2,1,3,0,4,127
2,1,3,0,4,127
2,1,3,0,4,127
2,1,3,0,4,127
2,1,3,0,4,127
2,1,3,0,4,127
2,1,3,0,4,127
2,1,3,0,4,127
2,1,3,0,4,127
2,1,3,0,4,127
2,1,3,0,4,127
2,1,3,0,4,127
2,1,3,0,4,127
2,1,3,0,4,127
2,1,3,0,4,127
2,1,3,0,4,127
